id,familyName,name,age,address,note
,,,1,,
36366,63,36,33,36,63
54fg5,rg,r,4,4,
58tr8,hsh,shh,33,sh,
541j3,jjjjj,jjjjjjjjj,18,ggeg,
mn555,jj,jjjjj,0,j,
25w22,erwr,erwer,0,ewrwr,
wrqrq,tawtwtewtewq,tawtf,0,tawtf,wf
11111,11111111,11111,0,1111,122
555d5,FDffwt,dszgz,0,atttw,
22552,ga,rg,535,hh1,
554fg,hrthtrh,thr,88,tu,
33iy2,yrut,surur,64,yrur,l
33333,333,3333,25,3334,333
96325,uessey,rysss,222,sss,sssssssssssss
22222,谷田,将平,27,ここ,インテックス
552ww,dwd,ddd,0,wdd,
2872u,ikrui,uruu,70,urururu,
g8g55,gg,eee,26,hdhrhrthth,j
31l22,gsg,gbdsb,0,sg,
56567,test,test,10,test,テスト
111d2,sdhh,ejfdhbd,0,hfdh,
35gg1,hf,fh,4,3,
8d8d8,bbb,bb,12,f,
hh,rher,erherh,0,rhes,
12gg3,ag,rhr,0,reag,
22h5g,heeh,ejerje,3,j,
3333e,gg,asgag,77,rty,
gg111,dgzsg,hhrhr,3,gerg5,
444e4,etg,hehh,999,ghgdx,
99999,test,tester,29,here,
test5,sei,mei,10,nagoya,note
bhbhb,test,test,75,test,テスト
0,0,0,0,0,0
